payment_id,order_id,payment_date
PY1,90001,2022-04-06
PY2,90002,2022-04-07
PY3,90003,2022-04-08
PY4,90004,2022-04-09
PY5,90005,2022-04-10
PY6,90006,2022-04-11
PY7,90007,2022-04-12
PY8,90008,2022-04-13
PY9,90009,2022-04-14
PY10,90010,2022-04-15
PY11,90011,2022-04-16
PY12,90012,2022-04-17
PY13,90013,2022-04-18
PY14,90014,2022-04-19
PY15,90015,2022-04-20
PY16,90017,2022-04-21
PY17,90019,2022-04-22
PY18,90020,2022-04-23
PY19,90022,2022-04-24
PY20,90023,2022-04-25
PY21,90026,2022-04-26
PY22,90027,2022-04-27
PY23,90030,2022-04-28
PY24,90031,2022-04-29
PY25,90033,2022-04-30
PY26,90034,2022-05-01
PY27,90035,2022-05-02
PY28,90039,2022-05-03
PY29,90040,2022-05-04
PY30,90041,2022-05-05
PY31,90042,2022-05-06
PY32,90044,2022-05-07
PY33,90045,2022-05-08
PY34,90046,2022-05-09
PY35,90048,2022-05-10
PY36,90049,2022-05-11
PY37,90050,2022-05-12
PY38,90052,2022-05-13
PY39,90055,2022-05-14
PY40,90056,2022-05-15
PY41,90058,2022-05-16
PY42,90060,2022-05-17
PY43,90061,2022-05-18
PY44,90063,2022-05-19
PY45,90064,2022-05-20
PY46,90066,2022-05-21
PY47,90068,2022-05-22
PY48,90069,2022-05-23
PY49,90071,2022-05-24
PY50,90072,2022-05-25
PY51,90073,2022-05-26
PY52,90074,2022-05-27
PY53,90075,2022-05-28
PY54,90076,2022-05-29
PY55,90078,2022-05-30
PY56,90079,2022-05-31
PY57,90081,2022-06-01
PY58,90082,2022-06-02
PY59,90083,2022-06-03
PY60,90086,2022-06-04
PY61,90087,2022-06-05
PY62,90088,2022-06-06
PY63,90089,2022-06-07
PY64,90092,2022-06-08
PY65,90093,2022-06-09
PY66,90094,2022-06-10
PY67,90095,2022-06-11
PY68,90096,2022-06-12
PY69,90097,2022-06-13
PY70,90098,2022-06-14
PY71,90099,2022-06-15
PY72,90100,2022-06-16
PY73,90101,2022-06-17
PY74,90102,2022-06-18
PY75,90103,2022-06-19
PY76,90104,2022-06-20
PY77,90105,2022-06-21
PY78,90106,2022-06-22
PY79,90107,2022-06-23
PY80,90108,2022-06-24
PY81,90112,2022-06-25
PY82,90115,2022-06-26
PY83,90116,2022-06-27
PY84,90117,2022-06-28
PY85,90118,2022-06-29
PY86,90119,2022-06-30
PY87,90121,2022-07-01
PY88,90122,2022-07-02
PY89,90123,2022-07-03
PY90,90124,2022-07-04
PY91,90126,2022-07-05
PY92,90127,2022-07-06
PY93,90128,2022-07-07
PY94,90129,2022-07-08
PY95,90130,2022-07-09
PY96,90131,2022-07-10
PY97,90132,2022-07-11
PY98,90133,2022-07-12
PY99,90134,2022-07-13
PY100,90137,2022-07-14
PY101,90139,2022-07-15
PY102,90141,2022-07-16
PY103,90142,2022-07-17
PY104,90143,2022-07-18
PY105,90144,2022-07-19
PY106,90145,2022-07-20
PY107,90146,2022-07-21
PY108,90147,2022-07-22
PY109,90149,2022-07-23
PY110,90150,2022-07-24
PY111,90151,2022-07-25
PY112,90153,2022-07-26
PY113,90155,2022-07-27
PY114,90157,2022-07-28
PY115,90158,2022-07-29
PY116,90159,2022-07-30
PY117,90163,2022-07-31
PY118,90164,2022-08-01
PY119,90165,2022-08-02
PY120,90166,2022-08-03
PY121,90167,2022-08-04
PY122,90168,2022-08-05
PY123,90170,2022-08-06
PY124,90172,2022-08-07
PY125,90173,2022-08-08
PY126,90174,2022-08-09
PY127,90176,2022-08-10
PY128,90177,2022-08-11
PY129,90178,2022-08-12
PY130,90180,2022-08-13
PY131,90181,2022-08-14
PY132,90183,2022-08-15
PY133,90184,2022-08-16
PY134,90185,2022-08-17
PY135,90186,2022-08-18
PY136,90187,2022-08-19
PY137,90188,2022-08-20
PY138,90189,2022-08-21
PY139,90193,2022-08-22
PY140,90194,2022-08-23
PY141,90195,2022-08-24
PY142,90196,2022-08-25
PY143,90199,2022-08-26
PY144,90200,2022-08-27
PY145,90201,2022-08-28
PY146,90202,2022-08-29
PY147,90203,2022-08-30
PY148,90204,2022-08-31
PY149,90205,2022-09-01
PY150,90206,2022-09-02
PY151,90207,2022-09-03
PY152,90208,2022-09-04
PY153,90209,2022-09-05
PY154,90210,2022-09-06
PY155,90215,2022-09-07
PY156,90216,2022-09-08
PY157,90217,2022-09-09
PY158,90220,2022-09-10
PY159,90221,2022-09-11
PY160,90223,2022-09-12
PY161,90224,2022-09-13
PY162,90225,2022-09-14
PY163,90226,2022-09-15
PY164,90227,2022-09-16
PY165,90229,2022-09-17
PY166,90230,2022-09-18
PY167,90231,2022-09-19
PY168,90234,2022-09-20
PY169,90236,2022-09-21
PY170,90238,2022-09-22
PY171,90239,2022-09-23
PY172,90240,2022-09-24
PY173,90242,2022-09-25
PY174,90245,2022-09-26
PY175,90246,2022-09-27
PY176,90247,2022-09-28
PY177,90249,2022-09-29
PY178,90251,2022-09-30
PY179,90252,2022-10-01
PY180,90253,2022-10-02
PY181,90254,2022-10-03
PY182,90256,2022-10-04
PY183,90257,2022-10-05
PY184,90258,2022-10-06
PY185,90259,2022-10-07
PY186,90260,2022-10-08
PY187,90261,2022-10-09
PY188,90263,2022-10-10
PY189,90265,2022-10-11
PY190,90268,2022-10-12
PY191,90269,2022-10-13
PY192,90270,2022-10-14
PY193,90271,2022-10-15
PY194,90272,2022-10-16
PY195,90273,2022-10-17
PY196,90274,2022-10-18
PY197,90275,2022-10-19
PY198,90276,2022-10-20
PY199,90277,2022-10-21
PY200,90278,2022-10-22
PY201,90279,2022-10-23
PY202,90280,2022-10-24
PY203,90281,2022-10-25
PY204,90282,2022-10-26
PY205,90283,2022-10-27
PY206,90284,2022-10-28
PY207,90285,2022-10-29
PY208,90288,2022-10-30
PY209,90289,2022-10-31
PY210,90290,2022-11-01
PY211,90291,2022-11-02
PY212,90293,2022-11-03
PY213,90295,2022-11-04
PY214,90296,2022-11-05
PY215,90297,2022-11-06
PY216,90298,2022-11-07
PY217,90300,2022-11-08
PY218,90301,2022-11-09
PY219,90302,2022-11-10
PY220,90303,2022-11-11
PY221,90304,2022-11-12
PY222,90308,2022-11-13
PY223,90309,2022-11-14
PY224,90310,2022-11-15
PY225,90311,2022-11-16
PY226,90312,2022-11-17
PY227,90313,2022-11-18
PY228,90314,2022-11-19
PY229,90315,2022-11-20
PY230,90318,2022-11-21
PY231,90320,2022-11-22
PY232,90321,2022-11-23
PY233,90322,2022-11-24
PY234,90324,2022-11-25
PY235,90325,2022-11-26
PY236,90326,2022-11-27
PY237,90327,2022-11-28
PY238,90330,2022-11-29
PY239,90331,2022-11-30
PY240,90333,2022-12-01
PY241,90334,2022-12-02
PY242,90335,2022-12-03
PY243,90337,2022-12-04
PY244,90339,2022-12-05
PY245,90342,2022-12-06
PY246,90344,2022-12-07
PY247,90346,2022-12-08
PY248,90347,2022-12-09
PY249,90348,2022-12-10
PY250,90349,2022-12-11
PY251,90350,2022-12-12
PY252,90352,2022-12-13
PY253,90355,2022-12-14
PY254,90356,2022-12-15
PY255,90357,2022-12-16
PY256,90358,2022-12-17
PY257,90359,2022-12-18
PY258,90360,2022-12-19
PY259,90362,2022-12-20
PY260,90363,2022-12-21
PY261,90364,2022-12-22
PY262,90367,2022-12-23
PY263,90370,2022-12-24
PY264,90371,2022-12-25
PY265,90374,2022-12-26
PY266,90376,2022-12-27
PY267,90377,2022-12-28
PY268,90379,2022-12-29
PY269,90380,2022-12-30
PY270,90383,2022-12-31
PY271,90384,2023-01-01
PY272,90386,2023-01-02
PY273,90387,2023-01-03
PY274,90388,2023-01-04
PY275,90389,2023-01-05
PY276,90390,2023-01-06
PY277,90391,2023-01-07
PY278,90392,2023-01-08
PY279,90393,2023-01-09
PY280,90394,2023-01-10
PY281,90395,2023-01-11
PY282,90397,2023-01-12
PY283,90398,2023-01-13
PY284,90399,2023-01-14
PY285,90401,2023-01-15
PY286,90402,2023-01-16
PY287,90405,2023-01-17
PY288,90406,2023-01-18
PY289,90407,2023-01-19
PY290,90415,2023-01-20
PY291,90416,2023-01-21
PY292,90417,2023-01-22
PY293,90418,2023-01-23
PY294,90419,2023-01-24
PY295,90420,2023-01-25
PY296,90422,2023-01-26
PY297,90423,2023-01-27
PY298,90424,2023-01-28
PY299,90426,2023-01-29
PY300,90427,2023-01-30
PY301,90428,2023-01-31
PY302,90430,2023-02-01
PY303,90431,2023-02-02
PY304,90432,2023-02-03
PY305,90433,2023-02-04
PY306,90438,2023-02-05
PY307,90439,2023-02-06
PY308,90440,2023-02-07
PY309,90444,2023-02-08
PY310,90445,2023-02-09
PY311,90446,2023-02-10
PY312,90448,2023-02-11
PY313,90449,2023-02-12
PY314,90450,2023-02-13
PY315,90451,2023-02-14
PY316,90452,2023-02-15
PY317,90453,2023-02-16
PY318,90454,2023-02-17
PY319,90455,2023-02-18
PY320,90456,2023-02-19
PY321,90457,2023-02-20
PY322,90458,2023-02-21
PY323,90460,2023-02-22
PY324,90461,2023-02-23
PY325,90462,2023-02-24
PY326,90464,2023-02-25
PY327,90465,2023-02-26
PY328,90466,2023-02-27
PY329,90467,2023-02-28
PY330,90469,2023-03-01
PY331,90470,2023-03-02
PY332,90472,2023-03-03
PY333,90473,2023-03-04
PY334,90474,2023-03-05
PY335,90475,2023-03-06
PY336,90476,2023-03-07
PY337,90477,2023-03-08
PY338,90479,2023-03-09
PY339,90480,2023-03-10
PY340,90481,2023-03-11
PY341,90482,2023-03-12
PY342,90484,2023-03-13
PY343,90485,2023-03-14
PY344,90486,2023-03-15
PY345,90487,2023-03-16
PY346,90488,2023-03-17
PY347,90489,2023-03-18
PY348,90490,2023-03-19
PY349,90492,2023-03-20
PY350,90493,2023-03-21
PY351,90494,2023-03-22
PY352,90497,2023-03-23
PY353,90499,2023-03-24
PY354,90500,2023-03-25
PY355,90503,2023-03-26
PY356,90506,2023-03-27
PY357,90507,2023-03-28
PY358,90510,2023-03-29
PY359,90511,2023-03-30
PY360,90512,2023-03-31
PY361,90513,2023-04-01
PY362,90514,2023-04-02
PY363,90518,2023-04-03
PY364,90520,2023-04-04
PY365,90522,2023-04-05
PY366,90523,2023-04-06
PY367,90524,2023-04-07
PY368,90525,2023-04-08
PY369,90532,2023-04-09
PY370,90534,2023-04-10
PY371,90535,2023-04-11
PY372,90536,2023-04-12
PY373,90537,2023-04-13
PY374,90539,2023-04-14
PY375,90541,2023-04-15
PY376,90542,2023-04-16
PY377,90546,2023-04-17
PY378,90548,2023-04-18
PY379,90550,2023-04-19
PY380,90551,2023-04-20
PY381,90554,2023-04-21
PY382,90559,2023-04-22
PY383,90561,2023-04-23
PY384,90562,2023-04-24
PY385,90563,2023-04-25
PY386,90564,2023-04-26
PY387,90565,2023-04-27
PY388,90566,2023-04-28
PY389,90567,2023-04-29
PY390,90568,2023-04-30
PY391,90570,2023-05-01
PY392,90571,2023-05-02
PY393,90572,2023-05-03
PY394,90574,2023-05-04
PY395,90575,2023-05-05
PY396,90576,2023-05-06
PY397,90578,2023-05-07
PY398,90579,2023-05-08
PY399,90580,2023-05-09
PY400,90581,2023-05-10
PY401,90582,2023-05-11
PY402,90584,2023-05-12
PY403,90586,2023-05-13
PY404,90588,2023-05-14
PY405,90589,2023-05-15
PY406,90590,2023-05-16
PY407,90593,2023-05-17
PY408,90594,2023-05-18
PY409,90595,2023-05-19
PY410,90596,2023-05-20
PY411,90597,2023-05-21
PY412,90598,2023-05-22
PY413,90601,2023-05-23
PY414,90602,2023-05-24
PY415,90603,2023-05-25
PY416,90604,2023-05-26
PY417,90605,2023-05-27
PY418,90606,2023-05-28
PY419,90607,2023-05-29
PY420,90608,2023-05-30
PY421,90609,2023-05-31
PY422,90610,2023-06-01
PY423,90611,2023-06-02
PY424,90612,2023-06-03
PY425,90613,2023-06-04
PY426,90615,2023-06-05
PY427,90616,2023-06-06
PY428,90621,2023-06-07
PY429,90624,2023-06-08
PY430,90625,2023-06-09
PY431,90626,2023-06-10
PY432,90627,2023-06-11
PY433,90628,2023-06-12
PY434,90629,2023-06-13
PY435,90630,2023-06-14
PY436,90632,2023-06-15
PY437,90633,2023-06-16
PY438,90634,2023-06-17
PY439,90635,2023-06-18
PY440,90636,2023-06-19
PY441,90638,2023-06-20
PY442,90639,2023-06-21
PY443,90640,2023-06-22
PY444,90641,2023-06-23
PY445,90645,2023-06-24
PY446,90647,2023-06-25
PY447,90649,2023-06-26
PY448,90650,2023-06-27
PY449,90651,2023-06-28
PY450,90652,2023-06-29
PY451,90653,2023-06-30
PY452,90655,2023-07-01
PY453,90656,2023-07-02
PY454,90658,2023-07-03
PY455,90661,2023-07-04
PY456,90663,2023-07-05
PY457,90664,2023-07-06
PY458,90665,2023-07-07
PY459,90666,2023-07-08
PY460,90667,2023-07-09
PY461,90668,2023-07-10
PY462,90669,2023-07-11
PY463,90672,2023-07-12
PY464,90673,2023-07-13
PY465,90675,2023-07-14
PY466,90677,2023-07-15
PY467,90679,2023-07-16
PY468,90680,2023-07-17
PY469,90681,2023-07-18
PY470,90682,2023-07-19
PY471,90685,2023-07-20
PY472,90686,2023-07-21
PY473,90692,2023-07-22
PY474,90693,2023-07-23
PY475,90695,2023-07-24
PY476,90697,2023-07-25
PY477,90700,2023-07-26
PY478,90701,2023-07-27
PY479,90702,2023-07-28
PY480,90706,2023-07-29
PY481,90707,2023-07-30
PY482,90708,2023-07-31
PY483,90709,2023-08-01
PY484,90712,2023-08-02
PY485,90713,2023-08-03
PY486,90714,2023-08-04
PY487,90715,2023-08-05
PY488,90716,2023-08-06
PY489,90717,2023-08-07
PY490,90719,2023-08-08
PY491,90721,2023-08-09
PY492,90723,2023-08-10
PY493,90725,2023-08-11
PY494,90726,2023-08-12
PY495,90727,2023-08-13
PY496,90728,2023-08-14
PY497,90729,2023-08-15
PY498,90730,2023-08-16
PY499,90734,2023-08-17
PY500,90735,2023-08-18
PY501,90736,2023-08-19
PY502,90740,2023-08-20
PY503,90741,2023-08-21
PY504,90742,2023-08-22
PY505,90743,2023-08-23
PY506,90744,2023-08-24
PY507,90745,2023-08-25
PY508,90746,2023-08-26
PY509,90747,2023-08-27
PY510,90748,2023-08-28
PY511,90749,2023-08-29
PY512,90750,2023-08-30
PY513,90751,2023-08-31
PY514,90753,2023-09-01
PY515,90755,2023-09-02
PY516,90757,2023-09-03
PY517,90758,2023-09-04
PY518,90760,2023-09-05
PY519,90761,2023-09-06
PY520,90762,2023-09-07
PY521,90763,2023-09-08
PY522,90764,2023-09-09
PY523,90765,2023-09-10
PY524,90766,2023-09-11
PY525,90768,2023-09-12
PY526,90769,2023-09-13
PY527,90770,2023-09-14
PY528,90771,2023-09-15
PY529,90772,2023-09-16
PY530,90773,2023-09-17
PY531,90774,2023-09-18
PY532,90775,2023-09-19
PY533,90776,2023-09-20
PY534,90777,2023-09-21
PY535,90778,2023-09-22
PY536,90780,2023-09-23
PY537,90782,2023-09-24
PY538,90783,2023-09-25
PY539,90784,2023-09-26
PY540,90785,2023-09-27
PY541,90786,2023-09-28
PY542,90788,2023-09-29
PY543,90789,2023-09-30
PY544,90791,2023-10-01
PY545,90792,2023-10-02
PY546,90793,2023-10-03
PY547,90799,2023-10-04
PY548,90800,2023-10-05
